Square meters,Price
122.04,499000
96.,249000
56.59,185000
114.4,492000
143.,551700
203.92,970000
110.00,449000
266.,600001
97.00,629000
136.47,250000
101.00,629000
106.3,403940
94.00,685000
177.00,099900
117.9,511500
86.73,449500
103.2,529500
64.8,254900
111.,595000
148.00,761247
98.,325000
65.,269000
165.56,899635
151.00,505000
99.00,350000
74.4,299500
150.,939000
39.4,187150
196.3,355600
117.,799110
158.,699500
108.00,565000
46.19,251128
101.52,749500
100.2,171500
52.01,149900
53.58,89200
91.6,292900
49.15,129370
74.27,219000
84.26,559500
87.9,321750
150.,939000
173.68,690000
62.,209000
245.45,565000
95.73,370745
105.5,489500
110.2,587500
249.39,450000
150.,939000
245.3,500000
85.,476000
131.00,860000
223.00,540000
242.00,800000
229.00,390000
340.00,217000
76.05,134350
260.,247000
150.,670000
126.00,899000
92.31,365000
157.95,774000
100.,860000
125.62,46
38.83,174500
101.18,549500
410.,900000
79.89,449500
156.56,463100
95.29,338280
109.,795000
164.05,712000
122.7,609500
119.8,718000
121.,480000
135.00,579000
125.00,363000
230.00,950000
92.55,499500
111.3,469500
114.46,649500
113.68,539956
74.,310000
53.12,236362
83.,438240
92.7,499500
111.3,543500
74.71,235500
94.23,659500
64.,208000
59.27,171883
95.16,285500
111.51,334600
105.05,449900
49.84,159488
139.11,850000
101.95,50
128.00,903000
55.8,174654
49.04,142216
90.01,441000
130.,416000
93.,339000
366.00,990000
174.31,188450
222.62,540000
143.1,840000
69.08,282900
163.91,149000
48.97,50
52.22,164493
56.84,170520
54.18,220000
51.12,194256
50.11,165363
129.31,829000
135.04,048900
119.00,927800
154.00,735000
117.99,98
128.2,794840
98.44,698924
94.,385000
123.00,609500
86.73,469500
157.39,979000
124.75,659500
170.52,091500
50.1,184950
90.2,462500
110.7,469500
117.9,480500
110.7,489500
204.,975000
197.,298000
169.,098000
123.,569500
197.55,450000
30.8,150950
83.7,411750
56.,168000
53.75,329500
88.38,469500
123.,609500
55.84,199500
93.1,395000
54.5,250000
83.,349000
53.,240000
180.,392500
157.30,799500
256.00,738000
190.,100000
156.00,495000
175.00,929355
143.00,870000
80.86,459500
129.23,413600
132.16,655000
72.74,229131
62.85,383900
171.93,289475
236.,216000
103.2,395000
124.6,760000
113.,520000
87.33,376500
177.,998000
216.9,195000
117.15,456000
120.00,725000
149.89,885000
115.,550850
110.54,762726
110.67,763623
112.76,710388
112.75,710325
128.73,759507
128.67,759153
171.93,289475
178.00,944000
181.00,997000
51.,84800
114.4,492000
91.,450000
183.2,755200
157.,225000
57.7,575700
139.5,050000
85.93,413000
171.,720000
64.,149000
347.26,625068
60.,170000
190.,198000
81.,449000
83.,379000
258.,035000
94.,445000
136.,875000
159.,100000
211.01,456000
112.85,670000
32.,149000
118.52,324500
72.95,339000
92.49,50
70.8,382320
87.29,395000
87.44,415000
100.1,470470
127.8,677340
138.,559000
112.37,337000
73.,584000
93.7,439000
192.,132800
191.,126900
280.,790000
73.,349000
80.,349000
48.,239000
70.,185000
19.5,130500
50.41,115000
56.44,110000
103.02,278000
53.2,100282
150.,939000
117.,799110
54.,210000
73.,216500
57.81,50
58.11,50
85.,385000
179.00,290000
240.,500000
78.62,425000
90.,329000
55.,255000
59.24,172920
73.37,399500
74.49,439500
139.93,550000
75.59,279900
115.,515000
320.,300000
59.65,97400
76.14,212900
210.,019000
89.4,299000
56.3,187600
99.42,344000
66.71,156800
59.63,146100
60.48,209000
41.5,199200
37.,120000
68.43,195600
270.,949000
80.,360000
55.33,101400
55.13,122300
59.,277300
39.88,140000
48.97,120200
43.92,98100
122.81,519000
68.46,299000
46.,118000
75.81,229000
117.15,456000
200.,050000
83.27,249000
56.,229600
261.,704700
84.21,227367
71.16,126400
129.,387000
36.,139000
52.14,119300
64.91,88400
86.,245000
126.,579000
170.,590000
76.78,282000
75.,295000
78.,239000
135.,560000
99.,339000
104.,435000
44.,235400
78.68,280000
119.00,535000
42.74,84900
152.,190000
186.,275000
67.84,246000
147.,441000
52.,79000
96.92,298000
254.,899000
190.,825000
39.36,89000
112.00,449950
65.65,299435
153.,565000
209.,569000
156.,750000
155.,750000
241.76,800000
61.,240000
155.,790000
330.,500000
254.6,718550
84.2,484150
41.5,199200
38.7,178020
143.8,711810
141.8,694820
96.82,370544
185.7,872790
189.8,325050
65.,209000
151.,815400
110.,605000
68.85,50
38.00,276000
74.16,300348
100.91,400000
123.97,372000
118.38,390000
100.26,305000
250.,390000
335.,800000
115.,409000
169.,389000
86.,256100
97.,285700
97.,287800
101.00,475000
60.,190000
46.,120000
128.,595000
34.,184000
58.11,50
80.,399000
101.5,560000
60.76,108500
267.,950000
65.,350000
69.21,275000
32.,115000
192.21,729890
51.67,356523
102.64,923760
66.1,255000
67.01,185000
42.8,80678
101.5,548000
68.,186000
200.,600000
106.5,535000
95.,379000
158.,539000
104.85,335000
51.,220000
119.,530000
100.3,750000
69.06,499500
164.,509000
61.,180000
120.00,962000
39.,145000
65.,278000
51.,120000
230.,247000
138.81,998800
123.,479000
101.06,277915
131.,429000
112.,385000
109.9,598200
127.,645000
105.,369000
57.69,321800
315.,485000
250.,599000
115.,409000
67.27,199000
75.67,349000
86.44,446200
202.59,999000
210.,019000
109.7,604600
74.17,380000
96.53,371000
97.5,390000
36.,120000
151.86,622626
109.93,478000
115.93,358000
115.4,400500
44.3,50
152.,655000
159.,420000
49.13,283150
62.,198400
60.21,219000
36.52,131500
51.3,190000
61.89,237500
117.15,599000
91.04,359000
64.54,242000
57.88,240000
133.,438900
130.,416000
99.62,179000
74.96,220000
92.,330000
366.,990000
128.,535000
58.69,185000
51.78,110000
51.66,95000
64.94,110000
68.21,138000
172.4,699000
236.,216000
127.8,677340
386.1,680650
54.,189000
135.,329000
133.49,590000
128.,520000
136.17,367659
176.,998425
185.63,867234
73.,157300
67.68,119890
31.56,118420
150.,874000
62.34,131000
59.38,125000
72.53,139000
75.92,140000
150.,930000
45.,206000
75.,382500
75.,382500
267.,050000
214.,070000
251.,819750
65.73,225000
64.,240000
148.82,580000
132.,385000
57.,212600
41.07,95
44.1,89500
113.09,499000
90.,148300
177.,150500
171.,985000
55.,166500
116.,515000
93.72,389000
65.,165000
65.,299000
65.03,280000
175.,740000
84.8,398560
58.4,249000
90.8,424944
210.,195000
117.,460000
53.81,155000
190.00,985000
187.32,100000
216.,150000
118.1,572785
42.,147000
159.60,590300
124.9,450000
157.7,940000
664.69,900000
113.58,595000
55.,168000
58.87,164836
129.63,29
51.,148000
85.,310000
131.3,680000
81.22,420000
534.2,000000
140.,950000
64.4,250000
51.17,153510
150.,950000
55.,93000
125.5,700000
108.,424900
139.56,190000
68.02,190500
106.,600000
44.,169000
167.,971500
179.13,636000
68.29,289000
107.,869900
207.11,412000
101.27,649000
41.,90000
75.,269000
46.44,199671
103.12,448572
113.6,499000
78.3,199000
34.,75000
140.,648000
198.,849430
316.,600000
151.7,870000
286.,372800
166.,470000
82.,416500
104.2,359000
108.58,310000
201.75,559000
65.5,149000
56.59,180000
57.15,209000
42.03,143000
42.03,140000
42.06,140000
42.03,160000
126.,635000
119.00,342900
140.51,880000
57.,149990
118.,430000
50.19,209000
250.,650000
113.,708000
76.,749000
149.54,769384
114.51,389000
104.55,369000
94.5,339000
94.5,339000
113.6,499000
93.1,399000
73.,147000
86.33,294492
76.09,282294
92.,249000
35.,118000
105.00,568000
142.97,03
78.94,399500
126.5,498000
140.,435000
40.,88000
36.5,49000
367.5,890000
68.65,167500
92.,249000
220.,045000
92.52,379500
50.16,168036
86.53,385000
35.,119000
144.5,895000
128.,469000
140.,579000
74.,244200
270.00,870200
115.,379500
74.7,269000
86.,280000
127.,429000
182.10,347540
124.,719000
57.83,162000
164.84,789000
200.00,250000
58.11,50
57.98,410000
241.28,450000
75.,397000
69.26,252799
143.23,267586
138.77,274238
202.05,50
55.,180000
131.78,569000
42.11,119000
42.42,119000
88.22,380000
61.5,269000
80.16,360720
109.8,290970
340.,499000
99.48,273570
45.3,150000
133.,438900
48.62,198000
28.,99000
174.31,203000
180.,100000
128.19,576833
130.19,749000
55.18,262105
164.15,50
140.,595000
115.65,503056
125.45,602160
38.69,117000
85.49,360000
131.,445000
109.,449000
120.,798000
54.35,195000
84.08,235424
77.,315700
75.,382500
114.5,332050
50.88,157728
160.,309290
72.28,225200
47.6,80
69.18,214458
316.00,650000
224.56,558000
255.00,351900
82.73,715800
49.76,154256
60.,234000
246.00,089000
36.,130000
40.56,99400
32.32,109888
160.,790000
38.,145000
74.46,299000
125.62,404646
75.,275000
188.35,899000
60.71,169000
119.,260900
68.42,199300
396.,188000
169.02,048000
57.,185500
80.,239500
57.81,50
58.11,50
58.11,50
89.,333750
70.64,134400
50.35,114500
86.8,225000
153.00,695000
165.56,899635
203.,999000
138.02,649000
210.,019000
160.,710000
62.,175000
99.,306500
97.,989000
80.,320000
75.87,132773
42.53,145349
47.84,157872
37.18,167310
55.,178750
54.95,186335
53.53,50
55.88,195580
61.52,192636
57.14,226274
119.53,209178
127.42,222985
56.95,187935
65.99,50
66.67,50
61.65,247000
68.78,244169
59.04,259776
55.14,245373
69.26,263188
59.56,268020
72.77,50
70.02,290000
70.02,290000
72.06,270225
68.85,50
66.91,287713
81.79,323888
43.3,292275
47.96,326760
74.16,300348
78.8,445220
73.,500050
60.73,333000
115.94,369000
92.1,566415
107.04,195000
39.21,220000
70.,149000
61.5,200000
55.3,195000
55.3,195000
52.27,185000
57.,200000
73.72,249000
335.,795000
72.,309000
105.7,560000
75.,170000
113.6,504000
184.,683000
112.83,590000
147.,955500
132.,726000
165.,300000
76.,225500
165.9,619000
101.1,459000
68.06,309000
77.,269000
64.87,289000
52.37,222000
218.00,295000
110.,122000
141.,021250
166.78,917290
60.,150000
76.,368900
83.85,569000
81.62,521000
132.22,844000
76.99,338756
152.56,599500
105.07,294000
250.67,863000
57.,142500
170.,149000
72.85,269000
239.,190000
56.,199000
59.,289100
102.,379000
53.,302100
57.,183500
59.,150000
19.55,124000
73.37,419500
105.5,770000
124.75,639500
41.35,185000
94.2,199000
84.53,235000
68.92,217098
210.,199000
104.,790000
143.,035000
68.97,399500
53.86,399500
196.,425000
99.14,698924
74.,470000
120.,950000
200.00,000000
115.,662000
183.65,683000
107.00,450000
89.,675000
227.,542400
205.,818750
258.,035000
222.,200000
154.,750000
70.,275000
36.,99000
201.00,010000
115.57,385500
65.,380000
47.,160000
56.,145000
55.04,165000
96.,458900
166.00,100000
63.,150000
135.00,665000
221.,599000
48.98,224000
62.82,285000
60.47,278000
58.46,260000
57.36,243780
67.37,309902
72.06,270225
65.89,303094
68.78,244169
66.17,50
49.18,206556
60.29,277334
35.,149660
34.5,142140
41.,173184
74.5,318562
51.85,50
58.,150000
250.00,500000
81.,235000
611.64,750000
158.,747777
48.4,139000
70.,159900
89.,360000
154.00,571000
59.,265000
155.,860000
149.89,885000
132.22,844000
59.7,191000
144.,576000
40.58,173000
50.,175000
153.,620000
64.11,275000
59.55,149000
305.,795000
38.,87600
84.,235000
91.,229000
58.,185600
84.76,298000
64.93,295000
150.,875000
174.,874500
85.71,180000
158.,747777
42.,240000
65.,158000
96.78,300000
122.,629000
65.61,219000
131.18,415000
128.67,759153
128.73,759507
112.75,710325
112.76,710388
110.67,763623
110.54,762726
52.,97000
52.,97000
85.2,339000
180.,600000
114.,375000
115.,770000
98.,270000
73.1,448500
160.,750000
92.83,379000
171.93,289475
113.,710000
112.76,710388
111.,763000
111.,762000
87.3,392850
63.18,189000
186.,050000
106.68,628000
70.,350000
37.,69000
86.,343000
68.6,305000
42.06,135000
72.89,199000
57.15,195000
42.06,160000
110.,122000
141.,021250
78.,686400
110.,596500
177.04,852000
138.59,541000
120.23,457000
66.,175000
150.,450000
97.87,334000
143.,659945
126.73,379000
116.61,409000
103.8,394500
116.61,409000
205.,818750
84.71,799500
207.87,205000
119.,950000
204.37,880000
228.,980000
81.88,330000
222.11,950000
57.44,258500
76.,675000
227.,542400
279.,959945
173.,835000
56.,155000
53.18,150000
54.7,85000
51.38,42500
74.11,155000
94.,320000
99.,240000
40.,110000
54.,125000
83.27,209800
55.,145000
110.,395000
83.,445000
106.,520000
70.,160000
55.,395000
211.,899000
61.,268000
66.,395000
171.,725000
162.,892045
187.,870000
200.,200000
190.,970000
116.99,714000
116.99,714000
211.01,456000
211.01,456000
143.1,840000
112.85,670000
40.,79800
50.22,209000
46.96,120000
89.38,470000
44.,85000
109.24,469000
31.,60000
61.76,279000
114.72,350000
240.,690000
240.,690000
69.5,169000
81.74,235000
75.,401625
100.,498000
55.11,109000
200.,600000
220.,300000
65.,230000
93.7,439000
97.,449777
55.,110000
106.,349000
251.,819750
227.,542400
140.,395000
59.,235000
130.,295000
205.,818750
240.,915000
89.,675000
78.,420000
61.,274900
154.,750000
151.,629900
258.,035000
97.67,250000
44.37,109500
81.,319950
72.,280800
82.,450000
115.,655000
89.,489500
115.,599000
138.,800000
93.21,379000
70.77,227000
138.47,849000
32.63,111595
74.,295000
83.54,151000
57.39,206604
170.,175000
152.27,50
173.,600000
60.,162000
77.91,229000
71.79,176000
88.02,312500
71.96,176500
77.9,130595
56.6,210000
53.26,151000
74.93,199000
60.86,216500
95.56,403380
431.,077500
159.06,676880
58.25,174750
135.,650000
123.2,695000
106.1,540000
54.,139000
88.05,301824
51.,165000
185.46,749000
137.2,472480
159.,810000
97.,213400
192.,363500
65.,165000
140.,815000
57.,222300
118.,360000
76.39,139990
54.03,50
127.,450000
46.,184200
82.,465000
99.,304000
120.,680000
39.,149000
50.,162000
52.,79000
160.,810000
260.,950000
64.,240000
107.,282000
31.6,179500
61.5,210000
40.95,79000
91.48,305000
173.,980000
224.,450000
119.29,699000
38.,80000
45.76,66352
75.81,264900
55.19,107300
68.51,134400
95.17,399000
82.,266500
164.,599000
65.,178000
74.7,269000
74.05,169000
54.,139000
106.,470000
138.00,469000
70.88,185000
48.,239000
39.,195000
62.,179000
65.,229000
70.,350000
63.06,189000
63.,257000
54.,85000
48.,85000
250.00,412131
60.,149000
250.00,375121
97.,502700
140.,595000
76.88,218000
49.25,125000
58.15,139000
108.,424900
87.19,320000
91.26,149000
94.,503370
106.,500850
92.,338100
62.,189000
35.,129000
50.,252000
61.,242000
91.,239000
72.,362880
122.,448500
95.,250000
190.,496000
68.32,189950
112.,490000
72.16,177000
102.42,399000
125.,500000
138.,329000
54.,93000
65.01,129000
74.,329000
80.,367500
28.,49000
59.52,165000
73.73,300300
87.34,505000
94.01,384700
70.,209500
41.,139900
88.5,190000
164.,589000
123.,487000
69.,149000
142.97,644500
60.,180000
53.9,159000
61.47,105000
45.,190000
172.13,775500
71.,145000
112.,470000
109.,449000
75.,115000
214.02,170000
63.,149000
99.,399000
165.,539000
53.9,159000
52.,169000
76.83,349000
53.4,209000
75.67,349000
69.55,149000
75.81,229000
35.,119000
48.,155000
78.,249000
129.,749000
52.76,85000
43.,139900
188.90,077900
93.3,205000
208.64,799000
73.76,335000
64.,214000
44.,69000
68.,180000
72.,255000
143.,575000
27.,79000
102.,395000
65.,215000
72.35,163400
69.18,199800
163.,892045
65.,299000
67.27,199000
94.62,359000
62.67,219000
320.,750000
64.,199500
50.,255000
61.,495000
61.,495000
62.2,189800
68.73,554825
47.,79000
98.75,350000
87.4,895000
241.3,900000
33.,54000
60.,209000
61.23,139000
124.76,486564
67.34,120000
58.55,112000
118.03,482000
64.4,250000
121.,388000
48.55,135000
120.,260000
177.,980000
100.1,460500
77.32,215000
35.27,69900
59.37,145500
58.,165750
61.89,182575
84.88,250000
77.3,285000
187.66,719000
95.,644000
84.,199990
54.49,191000
72.58,163500
113.12,255000
81.05,150000
72.3,177500
40.97,45
51.89,139000
44.47,95
152.66,50
86.,196000
92.62,359000
40.,164000
39.85,155000
146.,239750
61.,118548
143.67,700000
152.,690000
138.,336000
41.18,159000
60.,160000
92.,249000
134.,437100
104.51,341000
61.,180000
110.25,501638
60.28,334554
125.,650000
82.16,330000
61.8,235000
145.,090000
64.02,240000
86.,160000
70.,106000
60.26,199000
74.,335000
65.,149000
71.79,169000
42.,145000
57.5,135000
57.99,320000
69.,259000
106.5,459000
185.46,749000
67.27,199000
141.,170000
41.03,90000
100.,530000
61.56,50
45.,69000
133.9,437100
63.9,390000
57.79,115000
85.,495000
137.,770000
40.,96000
44.,159000
69.,250000
58.,120000
69.,172500
105.,359000
105.,369000
131.,429000
112.,385000
35.,144000
105.,359000
105.,375000
105.,399900
131.,445000
112.,385000
105.,375000
105.,369000
105.,375000
150.,519000
124.96,275000
70.2,250000
30.63,119000
54.,159000
59.91,225000
65.5,149000
34.,95000
83.5,259000
43.,160000
93.08,239000
206.24,099000
156.,599000
86.,249000
97.,390000
97.64,368000
165.24,509000
59.,238950
177.,998000
170.,820000
153.,620000
53.,175000
65.,209000
91.31,185000
58.,186500
36.32,57500
60.44,109000
75.,397000
57.00,395000
188.95,50
39.46,149500
69.5,198500
44.54,75000
100.,240000
60.14,213500
60.,210000
52.01,189000
96.,450000
36.21,130000
63.,150000
64.9,237000
49.88,182000
61.08,211000
36.79,136000
69.2,120000
52.75,146500
81.,229900
125.5,259000
51.76,125000
194.,745000
92.,330000
98.,760000
48.62,198000
143.,585000
465.,470000
104.24,540100
64.,230000
53.28,155000
45.25,141000
40.56,99400
57.65,202000
43.42,114000
41.13,102800
157.49,457000
41.27,102700
54.,255000
75.13,269000
59.48,145700
70.,150000
98.,370000
285.00,320000
65.,205000
69.,158000
59.,115000
71.,115000
63.4,130000
41.54,245000
75.,198500
71.,310000
72.89,199000
67.38,339000
67.38,339000
73.53,249000
53.5,125000
76.,190000
113.,708000
119.8,714000
120.5,210000
93.,154900
57.63,190179
39.,100000
108.43,249000
400.76,750000
74.38,360000
90.,205000
51.5,108000
36.88,140144
65.36,202620
70.83,254988
72.1,279000
70.,115000
138.98,479481
148.82,580000
32.63,40500
56.9,95000
187.15,530000
127.,702000
81.59,297500
94.,282000
71.,189000
76.53,172100
88.,199100
52.,229000
51.1,172000
66.35,279999
218.39,742526
124.81,996000
50.12,122794
45.38,75000
45.03,75000
52.51,89000
98.,370000
57.,155000
55.,232000
55.,149000
68.,99000
40.,147000
86.,329000
97.79,470000
64.9,147000
87.,219000
199.,218900
43.94,105000
61.,384200
116.,795000
132.,920000
61.,247050
112.,504000
69.,276000
78.,420000
64.,240000
64.,185000
55.,165000
126.,539000
29.24,75000
53.67,215000
67.75,210025
53.,166000
63.74,119000
92.,640000
144.78,569000
220.,800000
100.91,298000
156.,650000
72.21,162500
36.,80000
42.37,155000
59.,197060
71.96,176500
44.47,95
47.46,10
72.85,158500
58.4,264800
55.,390000
106.11,520000
96.38,390000
63.55,142500
65.,135750
60.9,159000
76.8,265000
164.92,299000
122.53,340000
79.,299000
80.,160000
75.,170000
109.02,299900
63.13,170000
86.32,285472
81.24,348000
68.,280000
57.,183500
65.,194000
57.,185500
54.,129600
71.,229500
169.,389000
124.,369000
107.,480000
102.33,379000
105.65,359000
53.04,199000
49.89,179000
26.58,109000
76.99,279000
76.09,279000
77.58,279000
52.94,229000
195.,799000
33.,58000
85.48,349000
56.,89900
89.,350000
71.,185000
97.,299500
81.,260000
156.75,765000
139.,278000
95.,359000
68.46,299000
158.,495000
75.,245000
61.06,210000
88.06,545000
163.,100000
87.77,339000
90.67,268000
87.9,380000
135.44,648000
59.65,87000
65.16,215000
95.9,515942
69.5,179000
68.,249000
70.77,169000
63.9,390000
40.,125000
95.8,515404
54.9,275000
75.67,349000
104.88,359000
127.,480360
32.,114000
100.5,530000
66.18,165500
58.3,238000
59.1,235000
42.54,169000
48.29,143600
63.73,189600
42.84,118000
106.,338600
54.,171600
109.,263350
107.,260000
95.,299000
155.,850000
55.21,164800
100.,556640
116.,650000
116.,670000
155.,305000
59.29,100000
60.59,115550
70.62,125000
50.,175000
32.8,119900
92.,735000
187.,760000
252.,060000
127.,450000
59.,192000
58.,155000
104.,350000
73.,449000
194.97,799000
98.,549000
35.09,119000
57.3,168500
203.,800000
93.1,399000
51.17,129000
45.59,70000
63.,279000
60.02,155000
75.,165000
66.75,199500
140.,648000
50.01,340068
122.02,499000
130.,470000
94.46,284000
52.,234000
105.,399900
86.,229000
60.,190000
55.,180000
53.,180000
64.,179000
65.,125000
141.,170000
98.,760000
70.,398000
101.,549000
127.,899000
73.,398000
103.,398000
56.,199000
79.,299000
96.79,290000
180.,995000
91.,332000
29.,89990
61.,155000
180.,345000
55.59,249000
51.,122000
318.,200000
107.4,372000
63.,280000
34.32,92000
68.,170000
158.,649900
156.35,420000
85.01,552565
89.61,538000
60.,135000
80.,360000
107.15,287500
41.,185000
77.79,190000
91.,355000
150.05,200000
50.,91000
144.,375000
64.,119000
111.35,382000
94.32,339000
104.8,359000
112.51,375000
79.07,335000
114.02,510000
112.51,375000
73.85,259000
97.58,439000
94.5,339000
76.8,265000
112.51,375000
320.,999000
170.,149000
37.,169000
220.,800000
43.3,50
44.49,65
98.46,418455
98.,295000
53.7,216500
112.83,518000
165.,650000
173.,600000
36.06,69000
46.48,150000
45.91,176400
104.55,369000
149.32,685000
67.,139000
103.,355000
110.,409000
83.43,203400
72.89,199000
33.,88000
170.,520000
58.,199000
153.,330000
59.51,11
59.08,83
134.84,98
100.48,04
71.,249000
42.,149000
59.27,239000
94.62,359000
60.48,209000
63.,219000
59.,160000
75.,170000
64.,150000
118.89,424000
92.,249000
45.,250000
59.,130000
84.25,210000
41.3,69900
100.,599900
100.,999900
55.,295000
67.,309000
76.,349000
63.,230500
154.,875000
55.3,284795
67.,159000
130.,448000
124.2,593676
45.,80000
104.59,280000
40.,145000
71.3,229000
75.53,249000
225.61,868000
109.78,389000
128.13,199000
103.,702975
73.,159500
80.,159000
133.,685000
62.76,174900
116.17,317800
68.42,199300
177.,980000
82.,426000
126.5,695000
36.,69000
36.,100000
174.31,203000
131.,429000
142.,525000
67.27,115000
128.,535000
131.78,569000
86.,370000
55.67,109000
105.,399900
49.55,207000
128.13,269000
116.17,324800
104.51,348200
133.9,437800
113.,416000
105.,369000
64.16,192480
130.19,749000
246.,500000
105.,375000
133.,569000
225.,100000
105.,359000
142.,599000
105.,359000
192.,799000
112.,385000
112.,385000
75.,300000
131.,445000
59.,150000
41.11,78000
60.6,240000
119.,595000
75.,437000
45.,184500
203.42,027291
197.00,561823
63.37,85000
133.,423500
175.,200000
51.,89500
166.,599000
93.66,524500
79.,250000
58.,130000
81.,349000
83.75,270000
66.,139999
83.54,329990
128.43,459900
106.11,424990
106.09,444990
119.,380000
118.,299000
36.63,120000
71.06,199000
87.72,230000
85.,155000
58.35,150000
186.59,950000
186.59,950000
65.64,150000
56.,110000
54.7,100960
61.,225700
173.,835000
112.59,189000
257.01,100000
106.96,900000
71.28,142500
63.,227000
207.,050000
251.95,234800
42.,89500
37.92,199800
211.,569000
226.,446000
84.,278040
95.38,249000
72.21,162500
113.43,354519
227.,542400
100.,596000
140.,655000
145.,685000
223.,398000
83.,680000
55.05,181700
40.42,70
47.26,10
73.3,274000
33.,125000
77.,231000
65.92,215000
68.,198000
80.,170000
111.,399000
102.42,390000
210.,999000
76.,146000
70.,138000
53.,145000
125.,299000
208.,245000
68.,225000
33.,91000
107.,869900
65.51,195000
76.,226000
79.,219000
89.8,585000
47.59,84900
100.,450000
66.,169999
55.13,144900
186.,449000
78.,239000
78.,149500
84.,299999
46.25,82000
77.15,115000
43.,93740
37.,98000
113.,209000
65.,137500
216.00,400000
38.,145000
27.,104000
45.48,74000
54.,99000
45.,121500
63.68,139500
61.,420000
116.64,970000
208.,939000
46.16,250000
109.17,393012
80.17,288612
41.,220000
168.29,600000
178.17,641412
109.76,395136
180.59,659154
55.,277000
60.,225000
207.,050000
96.28,560000
96.28,560000
101.17,580000
64.21,185000
200.,750000
410.,300000
80.,227500
44.,159000
60.,130000
79.,180000
57.,180000
52.27,185000
100.,420000
69.86,220000
112.74,419750
89.7,225000
118.11,249000
153.,685000
59.33,145400
41.27,101900
63.,189000
80.,320000
70.39,175000
86.,465000
45.3,50
116.05,619000
74.48,250000
75.,325000
46.35,75
144.43,50
117.,379000
70.77,169000
143.,035000
93.,288000
78.63,250832
118.8,510535
62.82,120000
60.,180000
195.,205000
86.65,225000
121.,284540
65.68,245052
56.74,595000
53.,149000
42.03,55
97.4,334000
164.81,200000
78.,455000
125.62,450000
103.,327458
34.6,65000
56.,169000
56.52,109000
66.,182900
60.,124000
58.,180000
170.,689900
80.,225000
44.,105000
158.72,100000
117.44,657664
125.56,700000
120.32,680000
103.5,556640
125.56,700000
162.19,892045
162.19,930000
40.25,66600
41.03,92000
100.,259000
154.02,599000
46.07,181900
19.,110000
108.,231500
102.36,310000
65.86,180000
78.16,219900
106.,450000
53.,278250
120.43,550000
179.13,636000
57.,150000
37.77,129998
100.,459000
52.82,119800
130.19,749000
63.15,129900
80.12,520780
89.61,482000
107.87,464000
134.3,256200
125.35,348900
30.,77900
33.,91000
33.,88000
57.,186500
70.,209500
60.,254000
40.,169000
34.,97500
62.,176000
45.,134500
82.,347500
332.85,950000
241.56,820000
225.,350000
74.36,175000
44.,119000
52.01,134000
63.,121746
81.57,325000
70.,199000
100.,433000
71.55,249000
205.,818750
74.05,99
54.44,103436
155.,598000
210.,800000
65.39,383000
41.37,140000
66.,158000
72.96,249500
37.,212750
119.,248000
86.34,285632
83.22,298000
52.,234000
35.,189000
64.83,55
59.89,50
66.44,210000
55.15,109500
75.,314000
223.,398000
109.63,379000
82.9,298440
63.,135000
97.,180000
41.,115400
61.5,212100
61.41,248000
152.8,845000
35.74,142000
34.55,159000
107.,869900
72.8,156000
92.,429000
55.13,109000
83.,265000
63.,240000
59.,239000
112.,319000
186.,699000
190.,795000
79.,249000
63.,280000
96.,460000
69.82,279000
68.,175000
75.,397000
102.,629000
69.82,279000
130.19,749000
73.93,50
330.55,000000
120.61,419000
86.82,341200
97.,329000
50.,79500
36.,120000
70.35,189000
40.32,110000
30.03,85000
61.,274900
40.,248000
107.,392800
60.,219240
54.5,119000
468.00,500000
240.,915000
59.,235000
123.,715000
60.9,495000
223.00,398000
130.,579800
96.,316000
120.,413000
68.38,124000
47.,81900
75.,160000
50.,89000
142.,195000
42.46,169000
82.,179000
55.5,165000
58.07,152000
74.96,210000
109.16,306000
73.73,207000
109.16,306000
163.,840000
109.,190000
95.87,356000
57.6,120000
308.00,950000
130.,40
67.,165000
72.83,295000
72.,149900
105.,479000
193.84,730000
65.,199000
43.,125000
54.,159000
61.33,115000
65.61,221000
48.12,182000
65.,122000
30.,53900
61.,155000
73.,139000
55.7,112750
110.,375000
83.,390000
67.69,199000
116.,445000
125.45,64
38.58,148000
162.7,599000
52.5,155000
64.24,99000
40.,199000
59.9,250000
153.,620000
64.,223500
125.82,482205
73.51,139000
284.,130000
55.,99000
59.34,129000
38.,49500
63.63,134000
105.,294999
70.11,249000
116.,585000
56.,137000
51.7,95750
86.,345000
86.,230000
68.,150000
46.21,155900
32.58,119500
91.56,249000
57.71,119000
55.55,126000
98.,439000
110.35,299000
46.,135000
61.26,294048
45.,106200
67.,139500
58.39,255000
79.76,289000
70.,369000
48.41,170000
445.35,875000
53.17,195000
340.,820000
160.,639000
67.79,352500
105.,899000
41.66,99000
62.5,132000
130.7,461000
66.9,241000
80.,366000
98.67,450000
108.,468000
64.,191000
61.18,195000
68.52,229400
85.17,295000
176.24,945000
195.5,175000
164.71,898000
184.11,915000
49.65,129500
92.,387087
69.34,127000
106.21,380000
105.08,375000
60.04,390000
78.,175000
120.,565000
38.27,70000
34.2,139000
116.,595000
140.,495000
94.4,199000
81.,295000
130.,549000
59.6,99000
52.04,149900
38.31,120000
69.,259000
71.,226000
107.,398000
111.,290000
35.55,99000
108.57,305000
62.37,149750
50.,200000
54.,230000
115.44,366000
64.5,129500
82.4,369000
129.,759000
129.,759000
250.,530000
57.6,198000
61.,145000
56.16,233000
134.,498000
84.7,420000
260.,600000
42.,139000
70.,218000
65.,311350
85.,407150
60.,287400
130.,650000
121.14,665000
110.,398000
130.,40
87.08,269000
37.66,132734
145.36,496417
106.79,50
52.26,50
118.31,50
88.,330000
105.,375000
232.26,659000
94.,130000
257.21,485000
25.5,81600
59.86,209000
62.,275000
105.,359000
105.,359000
60.96,182800
105.,399900
105.,369000
38.31,120000
105.,375000
105.,375000
105.,399900
105.,369000
105.,375000
145.,349000
214.,070000
137.,000000
69.85,110000
72.,429000
110.,560000
120.,599000
130.,649000
53.03,126000
120.59,629000
146.,584121
206.51,250000
188.,719000
147.49,973000
36.4,176540
40.,194000
70.13,165000
36.2,171920
64.8,307800
39.,195000
39.,195000
59.1,316185
40.,120000
63.2,344440
53.1,284085
146.1,708585
118.,560500
51.9,272475
110.,429500
146.5,685620
54.,158500
128.1,586698
150.,650000
51.9,267285
61.2,249696
38.,205000
68.,469000
68.,469000
68.,469000
155.2,726336
38.,145500
44.,85000
68.,227000
68.,170000
43.5,90000
55.,119000
62.47,241100
75.,173000
76.,245000
118.9,540995
228.14,300000
141.3,907146
61.1,302445
143.,035000
85.48,349000
73.29,149000
82.5,396600
69.55,149000
77.,299000
130.19,749000
69.29,279000
196.,425000
65.83,129500
115.,662000
65.,299000
95.,350000
105.,399900
68.06,309000
66.6,299700
69.55,149000
186.,944000
89.76,408408
57.5,169000
37.,98000
56.,199000
78.,373900
232.,552000
79.98,327900
87.8,359200
34.5,138500
88.93,373100
34.44,75000
68.23,300500
138.27,624500
116.94,514700
242.,315000
60.,170000
39.,60000
175.,740000
62.92,239900
33.,69500
63.,280000
28.,124000
48.2,113500
60.81,139000
169.,389000
115.,409000
105.,375000
126.,000000
110.25,442500
90.,425000
82.52,399000
46.84,175000
130.,656500
46.01,120000
64.02,240000
38.,135000
66.,169999
95.,500000
32.,107500
102.,999900
169.,550000
54.,119000
55.13,144900
59.55,209000
54.36,82000
42.97,96000
63.,160000
52.,80000
57.4,70000
72.31,181000
46.77,50000
76.85,115000
47.77,83000
34.87,34000
59.06,54000
40.8,78000
33.9,65000
49.82,57000
62.7,195000
66.14,162100
61.,210000
50.2,258530
41.27,102700
96.,465600
94.2,440856
50.5,241895
72.,170000
110.5,594490
61.4,144500
95.5,491825
999.,999999
96.,478080
96.,465600
119.,519000
50.3,243955
93.9,444147
56.5,270635
63.2,305256
64.,240000
125.,410000
84.6,470376
185.,260584
103.3,574348
110.,550000
103.6,564620
82.8,426420
102.5,527875
113.1,540618
140.,896000
123.8,542244
180.,900000
73.9,395365
71.6,368740
133.1,685465
133.4,637652
115.,449000
37.43,82000
75.,299000
133.7,608335
81.6,357408
100.,389000
126.9,555822
76.3,433384
125.,595000
71.,379850
112.8,603480
34.,159000
59.53,239000
120.59,629000
69.,299000
103.23,789000
85.02,599000
47.83,259000
206.18,599000
96.,357000
67.,190000
85.48,349000
62.34,155600
56.,195000
54.,138800
134.,399000
150.,749000
123.,398500
110.49,285000
60.14,142000
65.,125000
135.,560000
65.,175000
59.6,229000
68.,99000
50.,79500
34.1,123000
51.92,249500
177.,998000
82.,320000
61.58,225000
59.,129000
66.,199000
37.43,82000
149.,729000
115.,409000
62.67,219000
37.,125000
145.2,439000
67.71,148000
166.01,498000
60.48,209000
72.29,175000
112.,385000
145.,375000
145.,375000
129.,420000
145.,375000
69.5,198500
145.,375000
135.,469000
135.,469000
27.64,114900
49.,269500
52.,75
39.,89000
55.,169000
148.01,499500
92.94,699500
129.,700000
82.49,198000
65.88,135000
111.2,572680
112.8,539184
111.4,506870
82.5,396350
72.16,145000
123.1,539178
48.,129000
43.,82500
68.,149000
30.,179000
135.98,550000
42.02,165206
193.02,025063
42.02,165206
193.02,025063
83.22,209000
42.02,165206
92.,639000
193.02,025063
64.65,295000
53.2,238000
44.,170000
51.,165000
117.9,542500
64.,240000
34.5,119000
67.38,339000
108.,352000
75.67,349000
51.22,166500
108.,317800
56.,135000
97.,299500
89.,350000
150.,600000
82.,246000
85.,198000
86.04,229000
100.,390000
70.,359000
49.,86500
63.,149000
59.6,229000
48.,139000
74.6,129000
105.,207500
40.96,179000
98.,387000
40.,124000
205.,999000
300.,949000
59.91,225000
145.,375000
58.,200000
127.,645000
145.,375000
145.,375000
112.,385000
145.,375000
145.,375000
59.91,225000
113.,209000
65.,137500
113.,209000
109.,409440
109.,462210
60.,223630
60.,252630
131.,567590
60.,247710
102.,428030
102.,418530
85.,370850
102.,381840
109.,454080
173.,795000
100.,655000
125.,843750
66.,395000
144.,499000
58.,165000
37.,89000
249.67,400000
85.,265000
50.,170000
117.91,341939
100.19,295561
88.94,94
100.4,452700
50.,155000
49.87,152000
78.,289000
70.,469000
70.,469000
70.,469000
70.,469000
70.,469000
74.,139000
70.,469000
70.,469000
70.,469000
70.,469000
70.,469000
70.,469000
70.,469000
70.,469000
70.,469000
70.,469000
70.,469000
70.,469000
70.,469000
70.,469000
70.,469000
70.,469000
70.,469000
70.,469000
70.,469000
70.,469000
70.,469000
70.,469000
70.,469000
70.,469000
70.,469000
70.,469000
70.,469000
70.,469000
161.3,040385
70.,469000
70.,469000
70.,469000
70.,469000
70.,469000
70.,469000
70.,469000
70.,469000
111.,595000
70.,469000
70.,469000
70.,469000
70.,469000
70.,469000
70.,469000
70.,469000
70.,469000
118.,415000
70.,469000
110.,280000
70.,469000
70.,469000
70.,469000
53.,180000
86.,235000
70.,469000
80.,290000
70.,469000
60.,190000
55.,180000
70.,469000
70.,469000
70.,469000
70.,469000
111.,595000
37.45,76000
113.93,329000
54.,159000
42.,119000
104.,790000
107.,401250
290.,100000
44.72,130000
44.39,128000
245.,440000
60.83,182000
57.97,250000
30.65,86000
61.35,192000
121.75,455000
57.67,155000
50.,170000
105.8,400000
79.7,300000
50.36,142000
61.34,188000
60.,240000
83.88,249000
52.,79500
67.,130000
173.,850000
87.12,326000
58.76,250000
79.5,344600
42.15,175000
145.,655000
59.58,268000
59.08,266500
44.26,96500
134.84,607500
68.61,309000
74.,116500
101.,495000
104.,550000
109.,245000
55.,199000
83.8,315000
34.87,65900
67.38,339000
55.19,107300
51.07,99300
52.28,98700
86.,235000
73.,169000
96.,259200
72.,216000
60.,250000
47.,199500
63.,180000
34.,119000
80.,535200
60.,400800
45.,300600
109.,599500
146.,657000
180.,400000
118.,801000
286.,515800
150.,026000
41.,161950
109.,599500
98.,485000
218.,166000
146.,747000
274.,657000
187.,130000
63.04,280000
92.,349000
48.96,87000
53.06,97200
62.73,150000
65.1,115600
51.45,100000
34.75,65600
50.3,95000
66.13,110000
65.04,119200
71.16,126400
65.55,123800
64.6,122000
65.55,127400
65.55,123800
66.2,121300
73.47,134600
73.77,143400
100.,480000
71.64,215500
56.5,229500
108.,231500
46.07,152500
46.07,181900
37.,139000
94.,299500
46.73,155900
139.,278000
65.,125000
86.,229000
52.,234000
112.,389000
61.,210000
104.,325000
106.,399000
111.,695000
65.,640000
195.,610000
61.,199900
119.,359000
69.,280000
64.,249000
64.,239950
69.55,149000
198.7,649000
44.,125000
50.69,189000
36.63,120000
62.,365000
54.47,249000
116.3,636000
35.83,119900
110.,280000
47.,199500
54.18,355000
118.24,484822
43.06,265000
92.31,365000
54.,159000
110.,596500
172.00,999817
60.21,140000
42.89,109000
42.89,109000
67.27,115000
55.67,109000
95.,307250
103.,317158
62.,209000
254.11,899000
107.73,350000
106.00,485000
111.00,895000
148.,625000
98.,195000
56.,168000
69.2,169000
115.,409000
88.74,230000
39.13,91000
46.,133000
48.6,119500
48.,121000
62.,232000
75.,350000
63.67,102400
35.,71700
35.,71700
34.75,65600
55.,104600
34.88,71700
34.88,71700
43.68,169900
55.13,122600
63.,160000
165.,087000
90.,785000
130.,650000
255.,750000
56.,550000
320.,750000
64.,570000
104.,595000
106.,399000
250.,687500
97.,489000
321.,300000
193.,600000
62.86,89900
69.3,185000
79.87,180000
54.75,88800
119.,359000
163.64,629000
68.82,99999
207.,998500
59.53,239000
59.56,249000
254.11,899000
59.2,229000
155.,750000
192.,350000
71.69,85000
135.,658000
30.,175000
73.85,179800
73.85,179800
52.,103000
51.42,145000
30.,104500
254.11,899000
142.,345000
64.1,145000
55.,172000
70.,546015
70.,546015
136.,529000
70.,546015
233.,997500
96.29,411285
70.,546015
70.,546015
70.,546015
70.,546015
70.,546015
70.,546015
70.,546015
70.,546015
70.,546015
70.,546015
70.,546015
70.,546015
70.,546015
70.,546015
70.,546015
70.,546015
70.,546015
70.,546015
70.,546015
70.,546015
70.,546015
70.,546015
35.21,89000
70.,546015
70.,546015
70.,546015
70.,546015
70.,546015
70.,546015
70.,546015
70.,546015
70.,546015
70.,546015
70.,546015
70.,546015
70.,546015
70.,546015
153.,565000
70.,546015
70.,546015
70.,546015
70.,546015
70.,546015
70.,546015
70.,546015
70.,546015
39.45,129000
63.,440790
64.,240000
100.,430000
96.82,260000
70.,546015
70.,546015
70.,546015
70.,546015
60.98,180000
201.75,559000
130.19,749000
70.,546015
70.,546015
70.,546015
70.,546015
70.,546015
70.,546015
70.,546015
120.23,421000
99.05,347000
120.88,438000
99.7,359900
84.31,339000
80.6,219000
48.,198000
80.,290000
71.7,180000
37.,106500
76.,275000
84.,630000
138.,490000
110.,335000
107.81,463500
58.,220500
179.,895000
90.92,450000
106.16,525000
105.75,444000
134.7,595000
107.19,471500
138.54,526500
138.14,610000
49.55,181100
39.,149000
60.,325000
53.4,209000
47.32,302848
170.45,679000
28.,64000
54.22,179000
76.24,309000
28.,64000
28.,64000
82.82,125000
62.19,189590
38.,160000
62.,189000
32.93,20
108.,424900
83.,159000
57.,149000
47.,90000
46.5,320850
51.98,363825
89.16,588423
55.65,75
73.,547500
73.,518300
51.9,313012
68.,99000
50.,79500
34.1,123000
82.,320000
53.,99000
65.1,101000
52.67,99400
61.59,85600
55.21,101200
54.8,106500
48.18,69500
60.,165000
58.69,162000
140.,868000
39.,55000
74.44,177000
68.52,220000
390.,790000
66.92,199000
59.27,239000
53.97,175000
436.,681000
55.26,99000
53.67,155000
38.76,119000
60.55,265000
48.88,205000
78.87,310000
280.,790000
60.35,242000
60.22,199000
48.,135000
161.,595000
78.66,290000
69.38,205000
59.09,185000
130.,767000
110.,649000
90.,531000
61.,219000
70.,413000
48.,180000
71.,176000
46.,108500
70.,182000
73.,158000
85.25,206900
68.41,169600
79.27,195200
83.11,206500
59.,140000
34.17,139000
111.,329800
75.,225000
70.,259000
59.,198800
232.,450000
188.,450000
118.,650000
117.59,549000
138.2,569000
68.,146000
157.40,988140
227.,868000
73.,283000
31.,126900
169.,389000
125.91,419000
77.,175000
64.,179000
195.6,799000
280.,000000
62.,182000
40.85,180000
205.,940000
145.,399000
34.17,139000
140.,595000
118.,415000
150.,670000
120.,200000
37.,79000
33.,125000
73.,295000
104.,435000
33.,144000
149.,449000
174.,729000
67.66,197200
33.,125000
126.73,379000
82.,416500
82.,416500
52.96,125000
126.,635000
126.,635000
54.36,82000
53.84,90000
85.,895000
50.,189000
84.,195000
134.,455100
96.71,241775
210.,000000
134.,455100
35.,129000
62.,210800
169.,389000
105.,348500
187.15,530000
179.,350000
33.,89000
81.,260000
55.01,135000
128.03,469000
55.,134000
119.,761000
53.4,209000
75.67,349000
62.68,231800
28.,64000
85.48,329000
48.09,199000
36.,63700
75.,190000
78.,239000
60.23,199000
83.27,249000
100.,220000
62.15,245000
80.,249000
166.68,539000
39.,58500
86.,370000
210.,999000
120.59,629000
60.,335000
141.,299000
60.,180000
55.3,159000
210.28,569000
74.,249000
28.,64000
61.,219000
58.,175000
82.,280000
76.,219000
124.9,359000
60.39,120000
69.,336651
50.99,95900
85.,412000
39.,150000
101.,350000
82.,280000
114.,798500
90.,250000
120.,285000
32.,116000
49.24,85000
161.68,420000
51.01,73600
83.27,249000
102.,629000
62.28,114800
33.,89040
58.2,299000
67.38,339000
50.,115000
111.,398000
39.45,129000
80.,329000
98.,210000
140.,495000
187.66,719000
43.,96000
38.,91000
193.,880000
290.,850000
130.,420000
67.24,199000
66.96,189000
169.,389000
67.24,199000
135.00,578721
144.,560000
43.54,84950
220.,300000
170.,768000
56.46,169000
77.31,299000
143.73,649000
90.,329000
100.,450000
66.22,248950
81.16,306950
149.,750000
110.,369000
86.,340500
105.,479000
30.34,110000
45.43,140000
129.,420000
38.,101000
76.24,563101
58.26,175000
44.,69000
131.83,299000
141.,299000
59.2,229000
62.56,231900
240.,950000
51.01,105000
58.88,95000
51.71,150000
118.,475000
60.,180000
76.53,305500
48.96,130000
47.,169900
63.,149000
67.,167000
52.7,112000
86.,330000
37.,125000
128.13,259000
166.68,539000
56.9,95000
41.,149000
47.,180000
59.86,209000
75.81,229000
34.,119000
72.89,199000
85.12,450000
63.15,99000
150.02,855000
65.67,150000
78.79,163000
67.,159000
119.,248000
66.73,139000
89.,199000
99.42,359000
89.4,299000
201.75,559000
99.97,339000
370.00,560000
97.4,334000
67.38,339000
77.,189500
86.61,239000
38.01,95000
55.4,132500
55.75,169000
78.97,220000
97.65,288068
67.,189000
109.6,399000
66.96,189000
99.42,339000
97.4,334000
71.,149000
99.42,344000
48.,169000
156.,488000
187.66,719000
77.93,98000
187.66,719000
62.67,219000
96.,299000
38.,145000
45.,105000
53.07,109000
57.,85000
60.98,180000
35.,159000
45.,189000
74.,130000
145.29,40
33.03,45000
59.13,319000
34.24,126500
65.,161000
182.,799000
53.2,222000
75.,250000
30.16,87000
31.62,94500
40.,125000
39.5,149500
188.,719000
67.76,162624
71.29,171096
111.95,329000
65.46,199800
68.08,313000
48.,125000
115.,259000
194.98,719000
53.8,282000
74.,470000
67.,292500
72.,174000
106.,418900
109.78,389000
45.,248000
192.,350000
51.,175000
67.26,200000
103.45,358500
454.65,989000
35.,75000
77.6,183000
200.,040000
140.,896000
271.,516200
90.,390000
83.59,339000
64.98,229000
236.,441200
97.,179000
51.,121500
115.56,451800
33.,69500
93.08,329000
214.,400000
34.37,110000
40.,380000
32.63,40500
59.,325000
188.,845000
72.98,249000
93.08,239000
56.,129000
100.,377000
51.17,209000
169.25,840800
80.25,369000
45.91,196400
63.8,281800
63.8,273900
45.91,184200
36.31,99500
48.,150000
115.87,880000
167.06,479000
329.5,668000
48.,104900
36.54,135500
44.,75000
94.62,359000
195.,800000
145.,665000
70.,469000
70.,546015
178.54,739038
148.37,549000
60.5,159000
81.,260000
70.,359000
70.,359000
70.,359000
70.,359000
70.,359000
70.,359000
70.,359000
70.,359000
70.,359000
157.29,928000
136.19,899000
67.67,219000
60.48,209000
35.,166000
127.,450000
49.49,110000
83.,223000
50.,79500
201.75,559000
88.,249000
209.29,095000
115.,529000
206.24,099000
48.,134000
144.78,569000
28.,64000
31.,75000
210.,199000
116.,350000
73.7,280000
123.,250000
52.,120000
34.,94500
335.,800000
65.,150000
66.,257300
100.5,530000
60.,220000
173.81,315000
116.17,329000
57.67,110000
125.,495000
59.29,229000
202.59,999000
156.,515000
38.,85000
210.,019000
49.,79000
55.,212000
59.,129000
36.15,99000
69.11,286500
164.00,454000
143.,649000
81.04,317700
108.,424900
57.,203000
49.55,201100
66.22,248950
72.5,199000
70.,245000
64.,288000
77.,270000
187.15,530000
54.62,168230
80.97,299900
79.84,313900
44.,145000
64.29,83900
69.23,116400
28.59,51100
63.98,140800
28.17,52000
95.,220000
98.24,350000
106.58,349000
118.53,629000
93.08,239000
99.42,339000
97.4,339000
118.11,249000
203.,995000
87.82,285200
63.8,273900
62.47,257300
63.8,260700
150.15,583100
55.94,139850
45.91,177400
62.68,231800
115.56,463100
49.55,196100
79.,249000
66.01,262000
192.,248000
72.5,199000
201.,585000
50.,107500
39.27,58500
40.18,59500
50.,180000
72.66,218000
66.96,189000
68.,146000
87.,589000
185.,500000
138.55,998000
72.31,181000
57.4,70000
130.,199900
93.,300000
57.,139000
82.,329000
177.,998000
177.,998000
72.,395000
62.41,268342
97.,179000
39.,78000
101.,489000
91.,270000
71.,289000
122.,510000
45.48,75000
107.,219000
100.,480000
104.,285750
81.,285000
59.,325000
69.58,150000
75.,139500
79.15,210000
52.07,289000
111.95,317800
111.95,317800
65.45,199300
113.57,437100
48.1,169000
35.53,95000
43.,159000
55.67,109000
59.68,184900
72.32,174900
155.,465000
43.91,122900
77.3,199000
38.35,104500
188.,719000
58.66,49000
66.,157239
94.,271000
80.06,139000
178.,050000
54.,187650
52.68,135000
69.29,279000
93.,465000
70.62,125000
52.,139000
100.,420000
55.,249000
230.,439000
234.89,390000
50.,100000
77.61,99500
49.55,201100
55.,179000
49.55,196400
49.55,191400
49.55,184200
169.,389000
60.,185000
69.,119000
75.22,99500
39.8,120000
54.,148900
54.,153900
54.34,148900
54.34,148900
54.34,148900
71.5,206250
63.,126500
54.,148900
102.5,363900
92.43,339900
102.5,351900
102.5,376200
40.,85000
60.,159000
51.64,85000
160.,845000
33.,120000
115.1,328035
144.63,589000
220.37,540000
144.63,683000
35.,72500
87.88,840000
156.65,729000
156.65,799000
151.98,849000
157.95,845000
149.8,769000
149.8,769000
157.7,870000
59.,100000
41.,198000
124.,755000
124.9,399000
59.6,229000
60.9,494000
61.1,494000
71.,180000
37.,100000
25.85,99000
147.56,853500
77.56,232000
33.8,75000
117.,398000
115.,388000
68.08,321100
63.8,267000
62.47,241100
45.91,191400
129.5,545000
74.3,325000
78.09,340000
73.15,315000
66.,295000
122.83,535000
94.79,445000
59.05,50
76.47,50
70.89,212670
87.,329500
77.65,232950
45.51,181900
77.54,239900
49.55,177400
56.31,159000
36.2,98000
73.86,210000
36.39,169000
45.27,95
44.44,40
66.,169823
63.5,104000
140.,995000
50.34,216000
98.,760000
343.,750000
69.9,178000
82.6,314000
60.08,89700
106.,232000
51.04,80000
65.6,230000
49.,176400
81.,313000
88.32,289900
156.,349000
49.,85000
162.,529000
98.53,734140
42.68,111000
55.08,159732
54.86,159094
127.26,949000
53.29,429000
97.73,799000
75.57,200000
61.85,245000
136.11,329000
100.,299000
165.56,899635
52.,199900
91.,390000
181.,060000
110.,740000
61.46,154000
10.,000000
61.83,214500
81.38,305200
50.09,187800
69.34,263500
59.25,222200
59.25,219300
44.,75000
63.15,110000
139.,342000
61.,155000
50.96,183500
46.03,165700
48.88,183300
101.,170000
71.,289000
63.21,160000
40.,88000
79.,149500
44.,86500
249.,298000
71.,77
71.,66
73.,86
71.,21
71.,21
95.,36
95.,55
68.,51
62.76,119900
43.,69500
60.,35
90.,189500
70.,420000
74.04,179000
178.5,290000
118.3,545000
81.16,306950
51.3,194900
51.34,195100
51.3,192400
51.3,192400
69.11,271700
63.61,180000
51.34,192500
49.93,189700
59.99,225000
94.28,334700
51.55,190700
59.92,221700
76.85,280500
66.62,249900
69.86,248900
175.9,196000
25.,79000
52.,169000
46.08,172800
50.96,179400
46.08,170500
46.03,168000
48.88,181000
134.,812500
84.89,164800
60.,287400
80.,383200
110.,526900
65.,311350
85.,407150
70.,350000
100.,500000
130.,650000
138.,765000
138.,765000
138.,765000
83.72,297206
57.63,190179
84.95,349000
70.83,258530
36.88,140144
166.,774500
330.,299000
91.15,189000
74.59,520000
39.,75000
70.,469000
79.,250000
138.,000000
78.,303700
292.,130000
205.,499000
55.1,115750
36.5,74750
124.,375000
94.,275000
70.,200000
90.,250000
54.,150000
54.,159000
62.74,236000
66.1,99500
75.51,280000
50.,159000
62.1,105000
34.,85000
53.,209000
82.,320000
116.17,317800
70.,546015
70.,469000
70.,469000
70.,546015
70.,546015
72.55,199800
70.,469000
70.,546015
70.,469000
75.2,357000
75.,325000
67.86,203000
70.,546015
70.,469000
70.,546015
70.,469000
70.,469000
70.,546015
70.,546015
70.,469000
120.81,480000
68.46,299000
89.75,299000
54.,190000
117.2,375040
48.4,75000
89.,310000
91.,410000
113.93,329000
79.81,287316
46.77,50000
122.35,263000
34.87,34000
75.81,229000
74.,239000
42.,124000
263.,989440
36.8,159000
56.86,199000
103.54,369000
25.5,109000
70.65,180000
24.17,109000
114.03,399000
62.72,219000
70.,469000
70.,546015
86.48,415000
80.,290000
133.90,459300
116.17,317800
68.42,199300
68.43,195600
104.51,341200
59.,96000
51.,165000
60.25,275000
45.,119500
250.,990000
166.,470000
217.,400000
152.,320000
126.47,699500
100.,650000
70.,184000
55.,219000
139.11,850000
181.,150000
117.48,350000
61.3,129000
136.11,329000
83.,680000
115.,529000
103.99,429000
68.06,249000
56.,217000
90.,375000
35.,100000
67.38,269000
59.21,219900
102.02,365900
213.68,095000
104.51,352400
133.9,459300
52.3,110000
68.46,299000
103.,120000
59.,336000
205.,499000
90.,250000
110.,740000
88.,329000
82.,318000
226.,446000
122.,459500
170.,850000
45.,235000
73.45,124900
100.,650000
209.,400000
73.55,250000
123.,299000
135.,520000
57.6,110000
220.,010000
32.17,125000
68.,220000
106.,232000
51.04,80000
47.77,83000
70.,249000
52.89,152500
68.,220000
81.93,194000
65.77,174900
92.1,198000
124.65,299000
51.8,135000
59.,54000
80.43,323000
76.78,301000
150.,914000
75.,477000
75.,437000
150.,690000
45.89,204300
102.36,473800
72.98,305000
65.36,208300
39.64,82500
246.,352400
46.46,90000
65.5,125500
82.,416500
200.,499000
142.,750000
51.,115000
81.96,245000
94.,229000
99.,450000
51.27,199000
49.93,187200
70.18,305000
51.41,187600
51.,230000
110.,520000
85.,370000
200.,350000
56.,150000
97.,720000
51.03,95000
190.,950000
130.,775000
208.,890000
172.,840000
150.,695000
117.09,417000
150.,729000
85.63,279500
115.,520000
75.,370000
92.,420000
115.,470000
42.56,115800
175.,410000
57.,139000
187.32,100000
126.55,345570
50.25,211900
40.,90000
58.,120000
135.00,668000
148.69,874000
51.38,42500
83.75,270000
73.4,159000
68.06,309000
48.4,198000
112.08,308000
67.,173420
54.3,75000
98.24,530000
110.,349000
116.,595000
98.24,530000
115.,549000
109.02,299900
52.,70000
103.,324800
45.,118000
175.,962500
137.59,509000
53.78,99000
79.6,160000
116.,363000
120.,418000
136.9,468000
175.,944000
55.,154000
70.,200000
62.,152000
103.,159000
80.,185000
85.,229000
141.37,583151
87.86,179900
115.08,245000
30.48,49999
41.81,95000
61.32,89900
53.8,139900
154.,599000
61.62,139000
45.59,82000
85.,259000
75.,437000
54.,220000
150.,914000
150.,834000
95.,530000
52.,305000
106.28,590000
150.,874000
139.,96000
85.,405000
75.,477000
110.,255000
60.,279000
54.81,216500
79.2,340500
81.53,299000
35.,119000
34.,119000
77.,269000
130.,295000
167.06,479000
50.21,369900
55.9,155000
79.31,204500
86.01,255000
72.3,189000
68.,144000
30.,75000
109.,632200
40.,98000
52.6,106000
110.,595500
56.46,169000
70.77,275000
87.35,254900
78.3,228900
34.87,65900
65.55,127400
65.04,119200
66.13,110000
72.,600000
293.50,643376
82.12,190500
70.,200000
80.08,229800
80.,280000
87.,242900
42.,190000
66.,186323
98.,287640
124.07,450000
77.,215600
104.,390000
70.,265000
87.,240120
73.,191990
84.,224280
108.,305151
33.33,73000
70.,227000
40.98,109900
38.,145000
63.9,98000
330.,890000
118.79,539000
56.,195000
81.,189000
78.33,199350
60.,89700
46.28,138500
56.23,153500
55.3,159000
285.,320000
78.69,218000
54.24,154800
59.2,120000
72.,249000
58.,130000
85.,220000
57.,151500
55.23,152000
37.52,102000
67.21,175200
143.25,558500
150.,600000
58.65,164000
52.,150000
66.,185000
38.,61000
79.,299000
79.6,390500
113.,680000
113.,650000
116.,670000
110.,632576
115.,657664
127.,722792
129.,722792
125.,700000
125.,700000
126.,750000
126.,800000
107.,750000
84.,630000
157.,892045
162.,930000
157.,070000
156.,100000
123.,100000
113.,100000
33.8,69900
85.,535000
181.,140000
108.,000000
76.,368000
114.,516600
53.,99000
129.07,722792
104.61,349000
45.,105000
143.73,649000
226.,446000
45.,118000
75.,350000
58.3,235000
104.38,350000
35.32,100000
125.41,749900
92.,450000
124.,306000
40.,83000
210.,199000
46.,169900
101.72,602691
83.41,88
159.34,50
72.31,217000
62.29,109000
17.,79000
103.81,459000
113.48,629000
88.94,400900
92.,630000
65.98,207840
111.73,357540
35.,150000
59.39,125000
165.00,616875
57.,160000
49.95,169830
93.,345000
58.,197200
50.6,245000
70.,129000
131.74,485000
132.,550000
127.2,471000
176.,739000
74.11,149900
87.,999000
340.,990000
68.,120000
206.,125000
210.,965000
210.,920000
85.,368000
200.34,150000
69.09,209900
140.,390000
39.,155000
109.24,518000
111.86,529000
128.18,592000
105.51,518000
169.00,255000
133.,420000
100.,377000
39.46,149500
149.00,589000
98.,239000
58.36,210000
57.,185500
56.,183500
57.,186000
56.,183500
45.45,176000
80.,299500
95.73,429000
42.,160000
178.,679000
40.,129000
118.11,249000
99.42,339000
83.27,249000
55.3,159000
60.48,209000
145.2,439000
39.45,129000
37.,129000
34.,119000
148.54,432550
137.17,399440
158.99,418470
52.62,194900
75.81,229000
69.55,149000
64.91,95700
180.,695000
75.45,138800
72.12,128600
75.3,138500
104.95,739900
480.00,499900
99.14,45
90.34,297030
68.54,78
69.11,273900
66.01,271500
69.11,281800
66.01,263900
69.11,267000
81.04,321000
49.55,196400
49.55,196400
66.01,257300
69.11,260700
49.55,191400
49.55,191400
49.55,184200
66.01,251000
81.04,313000
200.,649000
54.,159000
172.00,190000
49.55,184200
69.11,250000
68.71,233000
45.27,109000
81.16,289800
284.,798000
49.55,176400
133.78,300000
285.64,655000
98.,215000
81.04,301300
66.01,241100
49.55,177400
121.,285000
96.,450000
90.45,310000
131.29,520000
142.,595000
245.,900000
57.8,229000
72.57,228000
145.00,919800
66.22,231800
65.77,219000
70.,175000
295.,500000
72.,424800
58.26,104000
56.7,59000
52.,80000
75.17,265773
436.17,681000
33.8,75000
50.,149500
53.2,88800
52.,295000
71.,230000
53.84,119000
248.,960000
75.,329000
62.,200000
61.,367000
35.32,99000
91.,289000
140.,448000
50.,110000
152.12,679000
59.,175000
59.,175000
33.03,69000
75.,325000
90.01,319992
65.,165000
93.,329520
41.,166050
118.62,489000
45.,129800
116.01,459000
63.28,189000
47.,120000
179.9,526450
54.,253800
131.00,567590
270.,690000
61.,145000
56.21,122000
56.21,105000
44.,170000
170.,829000
170.,829000
170.,829000
117.,435000
117.,435000
117.,435000
37.,199000
37.,199000
37.,199000
40.,199000
40.,199000
40.,199000
39.,199000
39.,199000
39.,199000
36.,199000
36.,199000
36.,199000
36.,199000
36.,199000
36.,199000
101.,428000
101.,428000
101.,428000
193.,969000
193.,969000
193.,969000
107.,469000
107.,469000
107.,469000
51.,132000
201.,010000
89.,385000
45.2,69000
36.,175140
174.,730000
174.,730000
174.,730000
104.,505000
104.,505000
104.,505000
38.,199000
38.,199000
38.,199000
36.,199000
36.,199000
36.,199000
158.,679000
158.,679000
158.,679000
201.,010000
201.,010000
89.,385000
89.,385000
49.44,185400
174.00,690000
57.2,112000
69.55,149000
108.79,432440
66.9,209000
97.4,339000
118.53,629000
115.,409000
127.5,850000
53.06,97200
50.72,90100
60.88,101300
64.24,193000
61.59,85600
64.91,95700
46.54,169900
128.86,674000
59.63,294000
129.3,698000
131.81,694000
147.9,830000
197.39,165000
144.41,825000
267.,050000
110.00,399900
101.,170000
86.,242000
66.93,189000
65.,199000
36.98,159000
78.18,251500
110.,469000
168.,462432
92.67,422222
193.,976000
193.,936000
192.43,916000
55.,121200
64.,191000
34.,119000
70.,280000
55.,220000
118.63,499000
51.46,111100
80.,789000
104.91,249000
54.5,119000
82.,390000
74.,200000
53.,99000
34.1,123000
121.03,635000
186.59,950000
166.71,820000
43.,110000
48.65,137200
51.09,142800
70.,327000
95.,120000
70.,329000
59.2,229000
59.2,229000
59.56,239000
73.,130000
203.08,499900
107.83,498600
54.63,85000
58.,122100
78.,161100
210.,939000
60.88,239000
188.35,899000
58.,153000
135.1,569000
160.,120000
111.,360000
69.3,244500
58.57,311000
47.43,91500
57.19,283000
192.64,799000
90.,418000
90.,418000
237.7,606000
170.16,699000
128.,537000
113.,214000
399.5,300000
47.77,105000
186.,995000
310.64,988100
54.37,259000
113.71,590000
181.15,887700
41.,78000
50.,57000
34.,65000
62.,110000
198.,849430
187.59,031800
194.98,719000
101.,449000
149.,425000
53.,169000
127.8,449000
162.,296000
150.,600000
51.04,90600
84.,180000
68.,99000
186.59,950000
121.03,635000
108.91,298000
101.2,299000
57.24,169000
67.84,295000
56.65,129000
72.14,179000
115.,529000
300.,949000
854.44,900000
422.6,600000
399.5,300000
85.,245000
202.59,999000
65.,280000
206.24,099000
210.,999000
112.04,400400
60.,120000
146.,699000
80.,188800
60.,189000
60.,249000
97.,720000
170.,000000
43.9,269000
65.,299000
59.2,229000
54.5,195000
59.56,239000
103.81,459000
61.82,298000
81.98,383000
111.86,489000
109.24,495000
112.7,518000
106.7,549000
51.68,79000
51.03,78000
59.53,239000
174.66,292484
56.,199000
59.27,239000
210.33,889000
55.26,80000
152.12,679000
160.,330000
76.,199900
54.37,259000
210.,019000
34.,80000
36.,80000
71.04,195000
69.4,112000
175.00,640000
72.,275000
72.54,178000
72.24,157200
72.03,164000
72.26,172000
72.51,163500
71.62,169000
71.52,161000
35.,156000
56.,145000
56.,145000
40.91,69500
69.49,189000
162.,296000
63.,119000
199.90,139145
84.,339000
365.02,015061
198.,849430
37.67,219000
82.72,173712
45.23,73000
34.44,62000
97.4,339000
94.72,299000
97.4,334000
68.42,199300
36.17,79900
335.64,795000
53.1,196750
63.,99000
66.07,96000
38.63,109000
73.27,179000
54.,74000
69.3,153000
137.,436000
54.,250000
120.,600000
124.,375000
54.,150000
53.,238000
165.00,920000
80.,415000
150.,834000
75.,477000
49.26,28
70.96,139450
86.45,389000
91.15,189000
59.47,178400
40.,145000
90.,179500
77.,190000
70.,294000
100.,920000
299.,999856
53.,209350
151.,679500
104.,425000
50.,129900
61.,174900
67.95,161000
36.,59000
100.,550000
150.,834000
75.,437000
28.,64000
56.65,129000
72.14,179000
124.,610000
52.75,146500
52.75,146500
40.85,195000
108.91,298000
58.06,170000
92.,261000
55.,99900
49.37,199000
49.37,160000
70.11,275000
47.73,159500
78.87,285000
78.76,225000
71.41,158400
250.,499000
71.3,359000
59.47,178400
192.,685000
240.65,489000
62.,328000
47.,72000
130.,431700
66.,219000
94.18,310000
67.27,199000
48.11,145000
63.77,195500
52.89,117000
99.,179000
58.,179000
50.,119000
32.,115000
66.52,162974
36.98,159000
85.64,120000
30.,120000
70.31,399000
88.6,380000
83.78,419000
138.82,610000
76.,240000
58.05,150000
98.,229000
59.,239000
102.,380000
39.,149500
82.,299000
268.,875000
46.,154500
73.51,293500
70.,249000
152.5,698000
65.,200000
48.,119000
34.1,123000
84.,180000
68.,99000
186.59,950000
121.03,635000
116.,317500
70.18,269000
36.98,159000
32.,105000
59.,169000
45.6,129000
112.04,400400
57.9,110000
57.,186000
42.57,99000
79.24,250000
57.,87000
32.63,40500
62.69,214900
32.56,134900
30.,59000
46.3,114000
39.45,129000
121.03,635000
78.,261500
46.39,233847
148.,279000
37.,125000
34.,119000
39.4,149000
35.,126500
115.81,167924
84.,121800
75.67,349000
116.18,335000
44.74,223756
59.,160000
43.93,213220
44.49,243840
90.07,580000
61.69,119000
51.41,95000
52.07,289000
57.56,240000
62.,260000
81.4,384000
65.17,119000
77.,140000
110.3,200000
54.04,126500
68.29,109900
53.12,77000
89.,159000
83.,229500
192.04,965000
60.,195000
113.34,682000
198.18,648000
104.29,438500
83.,395000
235.,980000
63.9,145000
55.,155000
236.,278000
60.,200000
72.,159000
34.1,123000
49.31,89500
84.,180000
70.,220000
68.,99000
186.59,950000
121.03,635000
131.83,299000
48.1,169000
137.56,066000
172.35,988700
64.75,290600
65.,219000
98.36,482000
162.8,094000
102.2,199000
87.,589000
220.00,599000
94.,329000
52.89,598500
306.34,479000
53.,120000
174.,482500
108.,290500
120.,275000
41.,79000
96.,450000
43.1,75000
47.,192000
34.21,100000
72.47,309000
185.,850000
55.39,124900
347.82,895000
53.8,106100
57.5,140875
74.56,182672
95.,275000
60.,155000
74.,249000
116.,316900
90.,249000
88.32,275580
81.49,347990
70.,231000
147.,789000
52.,160000
140.,975000
156.6,349000
121.03,635000
131.69,460000
131.74,430000
68.,99000
34.1,123000
76.5,300000
62.,140000
105.22,344160
91.1,326366
147.98,529142
107.17,465000
108.26,485000
89.,410000
49.39,126800
76.,369900
91.,177000
89.,164000
67.51,135000
92.94,259000
120.65,635000
110.,595500
335.,890000
106.,185000
109.35,200000
28.,65000
196.,425000
100.16,175000
44.6,149000
37.,149000
174.00,069000
49.,204000
58.26,125000
94.,413226
68.5,198900
44.,184627
70.,317967
105.5,448500
130.,259000
45.7,249500
62.,175000
79.,219000
35.,118000
53.84,139900
281.,400000
35.59,93000
83.54,319990
43.68,169900
103.63,434990
304.,500000
64.,289000
96.,352000
118.,474000
104.98,419990
128.43,459900
71.49,159500
142.,280000
170.,149000
116.17,329000
169.,389000
115.,409000
101.,450000
46.,130000
45.,180000
121.03,635000
68.,99000
84.,180000
34.1,123000
66.11,115000
93.,254000
63.04,280000
92.6,375000
68.46,136578
99.,360000
70.,229500
36.,142000
63.04,280000
68.88,182672
50.,120000
58.,219000
68.43,199800
151.00,338474
97.,359000
29.76,120000
149.24,685000
169.95,595000
200.,150000
250.,400000
92.49,50
93.56,341494
93.56,341494
61.83,80700
50.,178000
150.,000000
57.,115000
156.,488000
78.,197000
45.31,109200
300.,949000
78.84,167500
44.,85000
48.,65000
65.21,109000
73.,341860
101.,280000
60.,130000
37.,75000
114.15,639000
75.81,229000
110.,280000
56.9,109900
300.,949000
150.,500000
96.,609000
119.29,699000
88.53,349000
42.,199000
58.,145000
62.27,220000
141.67,420950
141.67,420950
46.,95000
55.,153000
59.,165000
59.,165000
89.,285000
68.,225000
34.1,123000
84.,180000
68.,99000
186.59,950000
72.59,380000
38.49,69000
85.1,107500
58.,265000
111.,450000
78.64,159000
115.,409000
115.,409000
210.28,569000
135.,428000
52.,105000
63.,280000
91.95,549000
64.,115000
59.,93000
44.,178000
40.07,79500
44.19,113000
57.1,229000
101.,570000
34.1,123000
84.,180000
68.,99000
72.59,380000
186.59,950000
34.,149500
33.,149500
175.,720000
72.,198000
32.67,95000
73.53,249000
99.42,344000
66.96,189000
201.75,559000
44.1,89500
38.,99500
52.77,79000
98.,260000
34.1,123000
84.,180000
68.,99000
109.,234300
186.59,950000
121.03,635000
72.59,380000
52.77,89000
44.17,156845
160.,500000
110.,350000
65.,200000
55.,129000
120.,450000
92.,205000
147.66,659900
60.,237900
106.28,393236
60.,135000
74.,228687
77.,271215
88.24,199500
125.,460000
85.,320000
125.,462500
70.,317967
43.11,150000
109.78,389000
121.,575000
54.,139900
110.,290000
70.,419000
62.1,199000
74.6,129000
78.,249000
39.4,149000
51.,165000
91.,289000
49.,159000
72.98,249000
35.,75000
31.,90000
59.78,292500
156.,488000
64.,194000
135.,439000
77.,269000
34.,119000
49.,159000
46.2,139000
55.,170000
116.05,619000
604.,490000
111.95,317800
66.73,139000
99.97,339000
70.,210000
80.,212000
145.00,624393
85.05,731100
350.,695000
170.,800000
73.54,169000
62.1,199000
229.92,419000
165.,525000
210.,589000
86.,159000
65.21,299414
61.,168000
79.,295000
38.,250000
123.00,845000
63.,232000
164.92,299000
126.71,429000
356.00,825000
213.,050000
75.81,229000
41.,99000
60.,130000
170.,350000
66.,195000
114.,345000
67.,235000
84.,275000
54.,170000
62.,168000
153.,565000
103.,319000
84.,180000
68.,99000
72.59,380000
121.03,635000
186.59,950000
64.,320000
34.,117000
68.,234000
124.31,419000
146.,919800
39.69,69000
51.,249000
80.,320000
170.,880000
80.05,225000
115.4,358000
63.52,241376
226.75,817000
77.,349000
53.49,224658
41.77,146195
34.87,71700
49.62,188556
99.,425000
85.,140000
60.9,495000
109.78,389000
60.14,142000
32.04,90000
51.32,152700
55.,242000
65.28,133000
160.,795000
68.43,199300
100.,815000
112.,800000
52.16,239936
169.,098000
166.,539000
145.,439000
100.,339000
114.,329000
69.,279000
104.,249000
84.,249000
118.,249000
89.,249000
54.,209000
68.,189000
37.,159000
78.,265000
84.,180000
77.,175000
186.59,950000
115.52,332500
54.,150000
149.62,335000
109.32,569000
88.31,199000
140.24,879000
54.,150000
56.,230000
230.,257000
80.,239500
99.,306500
129.63,464464
135.29,699000
203.00,190000
130.5,729000
99.42,359000
90.09,285000
84.,395000
117.,379000
115.,369000
69.,158700
71.,145000
284.,798000
60.89,94500
37.47,75000
45.51,96500
54.04,119000
48.,109000
258.9,998000
115.,409000
124.9,359000
186.59,950000
121.03,635000
72.59,380000
68.,99000
84.,180000
97.4,339000
68.,325000
249.39,450000
157.,480000
156.00,018000
97.,267000
55.74,105300
49.5,87900
55.02,103900
52.92,94400
67.68,119890
64.91,95700
77.55,154110
51.98,141100
45.73,79900
28.17,52000
72.,414000
84.,180000
68.,99000
64.,262400
75.,190000
179.,912900
139.,834000
53.,254400
52.21,190590
101.9,459000
68.,99000
60.42,229000
137.,436000
130.18,749000
58.45,285000
68.43,195600
82.64,225000
79.,299000
155.,250000
62.1,199000
135.,480000
34.1,123000
38.,63000
179.52,230000
332.,825000
157.36,660000
900.,989000
95.,213750
84.,180000
64.81,273000
84.,180000
72.59,380000
149.56,778500
76.85,138000
49.,159000
51.,165000
91.,289000
35.,119000
40.9,99000
106.,570000
367.,750000
164.,050000
151.,649000
110.,595500
176.,632000
83.,274500
115.,331000
83.,282000
166.01,498000
50.97,109000
38.,75000
103.,353500
72.,219500
145.2,439000
45.,69000
45.95,110000
35.,125050
37.,148000
200.,600000
285.,320000
108.,570000
40.,90000
224.74,780000
105.,600000
78.81,155000
55.,133375
84.,180000
121.03,635000
96.,609000
101.,689000
87.,589000
78.5,220000
58.,179000
34.18,69000
46.,149000
164.00,958000
65.,115000
144.74,599900
137.,849000
212.00,300000
83.,680000
190.,900000
190.,900000
36.,164000
45.6,129000
59.,259000
81.96,245000
146.,730000
54.,138000
78.15,295000
143.23,267586
138.77,274238
56.,199000
48.1,169000
80.98,469684
34.17,125000
97.,579000
74.,449000
59.81,242500
36.,128000
78.7,393500
144.00,519000
166.68,539000
106.,599999
121.03,635000
121.03,635000
186.59,950000
67.38,249000
54.29,219000
82.8,135000
93.54,399000
76.33,205000
178.32,490000
120.59,629000
67.38,259000
257.3,891450
122.,545000
58.39,255000
42.,135000
99.42,359000
191.,812000
76.85,115000
99.65,627000
118.36,559000
146.35,068000
210.28,569000
52.,180000
201.75,559000
48.86,103000
207.00,111000
67.,189800
76.,226000
61.,181165
60.98,232000
141.,299000
53.09,159000
131.,800000
45.,219000
68.,279000
76.,349000
55.43,151000
66.,179000
210.28,569000
962.,023657
109.,686000
104.,497000
200.,500000
110.,440000
48.,240000
105.,495000
117.,548000
200.,500000
133.,735000
150.,850000
120.,845000
160.,900000
230.,900000
101.,440000
134.,766000
80.,358000
50.7,250000
78.6,350000
50.,240000
128.,925000
170.,260000
95.96,506000
168.,950000
180.,990000
70.,333000
180.,150000
70.,200000
110.,474900
96.,703500
106.,735000
96.,598900
105.,682900
129.,600000
84.,180000
84.,180000
62.23,125000
186.59,950000
121.03,635000
72.59,380000
74.6,129000
51.,169000
31.96,88000
98.,302500
141.,299000
98.,302500
77.31,299000
101.1,399000
145.2,439000
54.5,178000
97.04,378000
109.31,398000
131.26,398000
89.4,338000
131.02,498000
118.72,420000
208.38,742000
45.5,59900
55.3,159000
91.95,549000
40.,79000
460.,995000
460.,995000
85.71,316000
57.56,233000
93.45,388000
72.33,304000
75.08,315000
52.16,185000
63.43,232000
61.26,236000
38.48,69900
81.96,315000
65.5,167
60.48,209000
69.55,149000
93.,299000
50.82,107000
72.59,380000
121.03,635000
186.59,950000
76.83,349000
164.,650000
169.,600000
131.,800000
62.48,159000
69.,449500
52.,234000
186.59,950000
67.38,249000
69.29,279000
67.,259000
47.,99000
32.4,129000
42.,84500
33.03,65000
263.,989440
120.59,629000
59.9,219500
240.,920000
69.55,149000
49.,89900
239.06,725000
53.4,209000
60.48,209000
66.5,105900
176.,790000
176.,790000
62.,183000
69.29,279000
210.28,569000
73.,310042
190.7,825000
70.,275483
68.73,554825
69.25,199000
680.00,960000
125.,843750
72.59,380000
121.03,635000
50.42,99500
113.,580000
104.5,550000
100.,554400
40.84,51000
100.,554400
139.5,515550
117.,600000
63.,149000
79.,248850
39.,135000
69.,129000
126.71,429000
70.,320349
88.51,223000
75.,370000
200.,320000
170.,790000
94.,275000
104.,341200
140.,306000
84.,180000
84.,275000
170.56,592500
186.23,148000
145.2,439000
126.73,379000
74.91,165000
38.,64900
61.97,143000
98.,304000
107.,550329
186.59,950000
49.9,98800
214.,100000
135.,439000
126.2,002900
120.07,125200
93.08,329000
74.14,160000
292.,300000
192.,672000
44.,184627
94.,413226
97.,449777
104.91,249000
85.48,349000
64.,262400
143.,859000
68.,158000
62.66,219000
52.17,115000
56.33,206500
78.43,328500
103.59,132000
155.74,709000
56.,98000
68.,99000
28.,64000
106.,580000
62.66,219000
40.,130000
79.,275000
160.,795000
66.93,189000
200.,150000
86.68,260000
238.,428000
77.,315700
186.59,950000
143.36,430000
65.5,149000
80.39,157500
161.47,529000
48.,145000
53.4,209000
68.43,195600
100.81,323000
112.38,90
121.25,88
73.,164000
34.75,65600
50.3,95000
62.1,110800
45.73,82400
67.84,108000
42.26,90000
34.88,69800
65.89,124400
134.,899000
118.,530000
127.,429000
83.27,249000
168.,991200
136.11,329000
63.75,120000
48.,125000
57.,230000
30.99,68000
95.,315000
53.4,209000
85.48,349000
84.,317800
72.89,199000
50.,89000
115.,100000
59.35,120000
80.,299000
57.,169000
44.,178000
186.59,950000
113.93,329000
118.11,249000
131.83,299000
77.78,115000
52.9,120000
155.,800000
54.,190000
55.3,159000
66.88,199000
99.42,339000
97.4,329000
66.46,260000
153.,050000
131.69,532000
91.15,189000
101.,410000
73.,180000
51.,159845
51.,159845
64.,182000
205.,150000
130.19,749000
59.,125000
69.62,305000
111.90,330976
102.21,380000
39.,100000
63.09,129000
81.16,243000
66.,180000
67.35,189000
55.3,159000
57.,128000
122.,376000
54.,99000
186.59,950000
42.,158500
135.,195000
43.,67000
133.00,739549
75.15,289000
130.68,405108
59.64,268380
128.00,487110
58.76,124500
77.,315000
179.,150000
45.,81900
45.73,82400
75.45,174900
62.33,111300
70.61,181000
72.89,199000
113.57,499100
94.5,519000
93.08,239000
112.6,455000
71.89,108000
100.,235000
58.,165000
81.,259200
131.83,299000
129.,665800
53.,222000
113.,602000
141.,681000
95.43,486667
148.,611784
61.,298000
60.,159000
85.,177000
41.00,163768
37.,159000
240.,690000
186.59,950000
186.59,950000
67.27,199000
60.48,209000
114.,329000
284.,798000
69.29,279000
63.67,102400
51.07,99300
51.07,96400
66.2,121300
51.45,97200
51.45,100000
70.41,129000
67.17,106800
55.13,104100
49.72,124900
64.02,110100
65.89,113300
48.64,119400
118.11,249000
53.4,209000
69.29,279000
85.48,349000
58.,120000
130.19,749000
88.,249000
113.39,329000
111.95,317800
148.5,965250
38.,100000
28.,64000
67.27,199000
196.,700000
380.,400000
116.,329000
105.,352400
116.,329000
68.,199800
68.42,203500
111.,749000
116.17,317800
69.3,175000
81.,242000
239.,829000
75.,225500
85.48,349000
118.53,629000
65.,128500
81.,242000
80.,149000
172.55,129900
113.75,437100
54.75,70000
110.,474000
28.,145040
116.17,317800
104.51,341200
55.,139500
28.17,50400
65.31,119000
62.33,111300
60.76,105100
45.14,81000
65.5,149000
193.,338600
48.,89000
58.,99000
67.35,189000
61.33,124900
87.,120000
76.46,129000
105.00,419850
39.46,149500
300.,949000
54.3,130000
36.,120000
79.,248000
128.,448000
65.5,149000
87.,235000
60.79,128000
58.01,122000
99.42,339000
100.,449999
118.11,249000
47.91,106400
156.,516000
42.,119000
66.96,241000
143.85,750000
300.,949000
46.58,110000
77.,216500
68.25,149400
67.28,107100
96.82,370544
135.,195000
60.,246000
133.06,379500
102.17,700000
199.,200000
54.,250000
290.,230000
166.32,798500
58.32,327500
192.56,718000
41.28,132215
47.69,159645
88.,249000
99.42,339000
69.29,279000
53.,209000
76.24,309000
36.98,159000
65.5,149000
170.,450000
85.45,329000
63.,160000
142.13,990000
176.54,263000
172.36,026000
178.65,770900
178.65,770800
169.36,855500
140.,565000
221.80,475078
205.36,260000
79.63,403000
118.56,598500
47.9,87000
42.,135000
67.,235000
100.,259000
312.87,540000
312.87,540000
34.,69000
63.75,151300
100.9,524000
57.61,80000
55.34,149999
60.21,139950
132.57,480000
270.69,813000
146.,480000
48.74,99500
53.1,195000
186.59,950000
139.,625000
139.,625000
147.,789000
57.,247500
115.39,499000
145.,799000
148.,879000
96.,539000
96.,609000
76.,149500
112.59,189000
173.5,348000
109.77,460000
123.62,515000
59.05,159000
54.53,95000
165.,720000
139.,834000
46.99,95421
56.5,172000
72.9,129000
72.9,129000
54.,139000
75.67,349000
156.85,850000
226.15,659000
86.1,289000
186.59,950000
58.13,204000
158.44,539000
156.25,516000
106.52,352000
97.4,334000
240.,912000
48.,248000
196.05,647000
48.73,152000
120.2,457000
118.,501000
58.78,206000
62.85,202000
57.58,202000
217.55,044240
56.8,216000
62.67,219000
52.06,149000
55.92,120000
89.28,256000
234.,695000
178.,899000
338.5,499000
117.5,490000
179.,912900
53.,254400
118.,445000
71.96,162000
72.58,163500
72.54,178000
61.,125000
72.24,157200
72.03,164000
72.26,172000
72.51,163500
71.62,169000
71.52,161000
60.,180000
114.,285000
45.,160000
90.,275000
66.93,189000
62.61,194500
109.,405000
60.,180000
55.,195000
53.47,130000
86.24,241000
66.04,175000
149.03,416000
59.,110000
104.91,249000
131.83,299000
118.11,249000
136.11,329000
113.95,329000
210.28,569000
300.,949000
159.,295711
64.29,94800
54.49,117500
59.45,118840
56.68,132800
56.91,342000
46.36,275000
45.5,245000
89.61,426000
89.61,412000
88.63,390000
98.4,429500
94.25,299000
95.65,299000
59.37,145500
59.54,145800
28.,64000
48.74,108000
35.,52000
130.5,729000
119.24,629000
154.,357000
108.,367200
63.21,210500
42.33,137500
57.,249000
75.3,405080
43.39,54000
55.36,99000
34.,102000
37.43,65000
49.2,118100
69.29,279000
74.5,285000
49.,139000
73.,168000
43.5,198360
560.,665000
80.,125000
111.70,520000
132.,405000
80.,249000
63.,186000
42.,129000
80.,179900
110.,605000
151.,815400
153.,565000
106.,245000
138.,000000
44.,237600
145.,100000
162.,930000
125.5,750000
119.,265000
66.27,192000
74.54,175000
52.75,149000
58.,185000
36.5,112000
319.,605000
68.46,299000
92.5,630000
120.,457000
73.53,249000
120.5,680000
115.73,650000
125.56,800000
129.07,722792
116.,750000
162.41,100000
162.19,070000
53.23,99000
115.73,670000
129.,722792
112.96,632576
42.,109000
26.,115000
156.6,349000
76.11,211900
166.68,539000
134.,499000
81.16,243000
61.3,140000
113.93,329000
255.00,800000
136.,750000
81.16,243000
61.,149000
47.,75000
52.,90000
43.,170000
32.,68000
126.2,365000
120.,457000
154.,389000
53.,93500
76.,285000
39.02,98000
71.,145000
125.,560000
90.,678000
127.,578000
128.,598000
205.,499000
292.,300000
105.,579000
124.,585000
101.96,442300
76.83,349000
85.48,329000
52.76,209000
69.29,279000
115.,429000
66.46,222000
67.24,199000
156.70,565000
43.59,15
69.62,269000
62.94,138000
41.,129000
83.,215000
84.,206000
131.69,480000
95.,102000
83.,289000
147.00,431000
156.,527623
44.17,156845
65.3,522000
65.3,475000
94.44,499000
180.36,810000
382.10,000000
77.,140000
92.53,355000
137.63,000000
56.,78000
136.11,329000
160.,755000
105.,610000
48.18,97500
40.,124000
152.,100000
125.56,750000
35.47,80000
129.07,722792
115.47,41
59.5,160000
70.77,160000
136.11,329000
126.,800000
129.,722792
54.,159000
36.5,55000
340.,400000
83.85,182000
163.,100000
162.,070000
242.,800000
102.,365000
43.5,50
102.,310000
88.,249000
202.,559000
67.5,131300
109.,312000
116.,309000
30.,75000
34.,84000
251.,819750
68.,198000
53.4,209000
52.76,209000
43.,84900
73.53,249000
350.9,490000
36.,159000
89.,489000
127.,578000
90.,678000
128.,598000
31.,115000
119.45,323000
80.32,159000
84.27,229000
64.,115000
49.5,84000
120.,450000
230.,150000
118.49,231180
52.6,106000
70.46,317000
94.02,210000
54.,149000
182.86,025000
79.,229000
33.7,79000
46.8,320000
52.,128000
119.24,629000
209.29,095000
118.11,249000
131.83,299000
105.,525000
90.,228000
79.,198000
82.74,145000
55.77,98000
74.11,130000
79.,699000
29.54,95000
40.18,121000
57.65,202000
53.28,155000
47.,35000
35.,23800
48.,211000
128.,380000
154.,980000
62.75,125000
88.,387200
56.,285600
32.,115000
69.,199000
50.1,135000
39.2,70000
74.72,100000
139.,295000
85.,198000
39.,115000
68.,165000
70.66,105000
68.,128814
61.,179990
50.,129900
43.,109900
100.17,419000
80.,129900
191.58,485000
251.55,450000
10.,6000
63.41,120000
56.,285600
112.96,632576
116.04,750000
88.,387200
188.,450000
76.14,799500
231.75,450000
92.,195000
92.21,415000
102.66,250000
129.,451500
48.,80000
63.,285000
130.68,490000
240.,975000
105.,499000
117.5,657664
109.,459000
96.98,242450
140.,650000
165.30,596000
105.,579000
65.,235000
42.,135000
41.,139000
52.45,99000
126.,700000
92.,630000
34.,113990
57.16,155000
36.,159000
121.00,630000
89.,489000
71.3,165000
46.,130000
34.53,60000
32.,75000
94.5,249800
59.71,104500
89.7,495000
63.2,339000
80.,445000
134.7,689000
66.,279000
156.85,850000
66.,277200
155.,650000
227.33,159380
70.01,111900
100.,520000
67.84,105400
67.,235000
74.,310000
89.,256000
84.58,260000
70.42,160000
64.,115000
50.,100000
294.00,646360
68.,249000
67.24,199000
82.,375000
50.,200000
39.,98000
60.,150000
55.,192500
98.52,180000
41.02,179000
69.3,196000
53.54,199500
130.,650000
115.66,347000
88.,249000
91.,200000
220.00,305135
116.2,299000
320.,250000
160.,670000
175.,769000
123.,719000
66.66,175000
34.,125000
45.28,85000
48.92,85000
200.,820000
450.,890000
98.,254000
155.,749000
63.7,300000
65.,225000
115.,549000
53.27,70000
92.,316000
200.,850000
125.,429000
51.,135000
47.,106000
108.,319900
45.,75000
251.55,390000
58.84,198900
280.,632000
120.00,669500
62.,107000
95.,215000
119.,400000
250.,500000
45.5,120000
43.,75000
148.,670000
160.,499000
100.,399000
150.,650000
213.,580000
97.,365000
118.56,615000
282.00,400000
89.,256000
69.,140000
169.,783000
44.,99000
116.2,299000
66.,149000
60.,130000
48.4,479000
